{
  "en": {
    "newGame": "New Game",
    "clickAgainToStartNewGame": "Click again to start a New Game...",
    "loadGame": "Load Game",
    "saveGame": "Save Game",
    "cosmicopedia": "Cosmicopedia",
    "resumeGame": "Resume Game",
    "pause": "Pause",
    "menuTitle": "Menu",
    "begin": "Start!",
    "copyButton": "Copy",
    "importFromFileButton": "Import From File",
    "loadButton": "Load",
    "closeButton": "Close",
    "headerStringSave": "Copy This String To A Text File:",
    "headerStringLoad": "Paste String Below and click Load:",
    "textAreaLabel": "Paste Save String Here..."
  },
  "es": {
    "newGame": "Nuevo Juego",
    "clickAgainToStartNewGame": "Haz Clic de Nuevo Para Empezar un Nuevo Juego...",
    "loadGame": "Cargar Juego",
    "saveGame": "Guardar Juego",
    "help": "Ayuda",
    "resumeGame": "Reanudar Juego",
    "pause": "Pausa",
    "menuTitle": "Menú",
    "begin": "¡Comienza!",
    "copyButton": "Copiar",
    "importFromFileButton": "Importar desde Archivo",
    "loadButton": "Cargar",
    "closeButton": "Cerrar",
    "headerStringSave": "Copiar esta cadena a un archivo de texto:",
    "headerStringLoad": "Pega la cadena a continuación y haz clic en Cargar:",
    "textAreaLabel": "Pega la cadena de guardado aquí..."
  },
  "de": {
    "newGame": "Neues Spiel",
    "clickAgainToStartNewGame": "Klicken Sie erneut, um ein neues Spiel zu starten...",
    "loadGame": "Spiel laden",
    "saveGame": "Spiel speichern",
    "help": "Hilfe",
    "resumeGame": "Spiel fortsetzen",
    "pause": "Pause",
    "menuTitle": "Menü",
    "begin": "Starten!",
    "copyButton": "Kopieren",
    "importFromFileButton": "Aus Datei importieren",
    "loadButton": "Laden",
    "closeButton": "Schließen",
    "headerStringSave": "Kopiere diesen String in eine Textdatei:",
    "headerStringLoad": "Fügen Sie den String unten ein und klicken Sie auf Laden:",
    "textAreaLabel": "Speicher-String hier einfügen..."
  },
  "it": {
    "newGame": "Nuovo gioco",
    "clickAgainToStartNewGame": "Clicca di nuovo per iniziare un nuovo gioco...",
    "loadGame": "Carica gioco",
    "saveGame": "Salva gioco",
    "help": "Aiuto",
    "resumeGame": "Riprendi gioco",
    "pause": "Pausa",
    "menuTitle": "Menu",
    "begin": "Inizia!",
    "copyButton": "Copia",
    "importFromFileButton": "Importa da File",
    "loadButton": "Carica",
    "closeButton": "Chiudi",
    "headerStringSave": "Copia questa stringa in un file di testo:",
    "headerStringLoad": "Incolla la stringa qui sotto e clicca Carica:",
    "textAreaLabel": "Incolla qui la stringa di salvataggio..."
  },
  "fr": {
    "newGame": "Nouveau jeu",
    "clickAgainToStartNewGame": "Cliquez à nouveau pour commencer un nouveau jeu...",
    "loadGame": "Charger le jeu",
    "saveGame": "Sauvegarder le jeu",
    "help": "Aide",
    "resumeGame": "Reprendre le jeu",
    "pause": "Pause",
    "menuTitle": "Menu",
    "begin": "Commencez!",
    "copyButton": "Copier",
    "importFromFileButton": "Importer depuis un fichier",
    "loadButton": "Charger",
    "closeButton": "Fermer",
    "headerStringSave": "Copiez cette chaîne dans un fichier texte :",
    "headerStringLoad": "Collez la chaîne ci-dessous et cliquez sur Charger :",
    "textAreaLabel": "Collez la chaîne de sauvegarde ici..."
  }     
}